<?xml version="1.0" encoding="UTF-8"?>
<!DOCTYPE suite SYSTEM "http://testng.org/testng-1.0.dtd">
<suite name="Suite" parallel="none">

 
  <test name="test">
      <classes>
          <class name="com.htc.seleniumtestNG.BeforetestandBeforemethod">
               <methods>
                  <include name="toBeforeTest"></include>
                  <!-- <include name="toBeforeMethod"></include> -->
              </methods> 
          </class>
      </classes>
  </test>

 
</suite> <!-- Suite -->
